{"cameraMode":{"drawMode":0,"name":"Shaded","section":"Shading Mode"},"sceneLighting":true,"audioPlay":false,"sceneViewState":{"showFog":true,"showMaterialUpdate":false,"showSkybox":true,"showFlares":true,"showImageEffects":true,"showParticleSystems":true},"in2DMode":false,"pivot":{"x":1.4936532974243165,"y":1.4257901906967164,"z":1.8569016456604005},"rotation":{"x":-0.10397780686616898,"y":-0.7118327021598816,"z":0.1077595204114914,"w":-0.6862003207206726},"size":1.9554169178009034,"orthographic":false}