{"cameraMode":{"drawMode":0,"name":"Shaded","section":"Shading Mode"},"sceneLighting":false,"audioPlay":false,"sceneViewState":{"showFog":true,"showMaterialUpdate":false,"showSkybox":true,"showFlares":true,"showImageEffects":true,"showParticleSystems":true},"in2DMode":false,"pivot":{"x":-0.02083178609609604,"y":-0.0028756558895111086,"z":0.0979519933462143},"rotation":{"x":0.37157565355300906,"y":0.3772609233856201,"z":-0.16861483454704286,"w":0.8313692212104797},"size":0.5877726078033447,"orthographic":false}