{"cameraMode":{"drawMode":0,"name":"Shaded","section":"Shading Mode"},"sceneLighting":true,"audioPlay":false,"sceneViewState":{"showFog":true,"showMaterialUpdate":false,"showSkybox":true,"showFlares":true,"showImageEffects":true,"showParticleSystems":true},"in2DMode":false,"pivot":{"x":1.6367712020874024,"y":1.3420771360397339,"z":2.3054842948913576},"rotation":{"x":-0.10401039570569992,"y":-0.8660270571708679,"z":0.2023199051618576,"w":-0.44524794816970827},"size":3.3010671138763429,"orthographic":false}