{"cameraMode":{"drawMode":0,"name":"Shaded","section":"Shading Mode"},"sceneLighting":false,"audioPlay":false,"sceneViewState":{"showFog":true,"showMaterialUpdate":false,"showSkybox":true,"showFlares":true,"showImageEffects":true,"showParticleSystems":true},"in2DMode":false,"pivot":{"x":0.8795013427734375,"y":0.894523024559021,"z":0.23973022401332856},"rotation":{"x":-0.11746951937675476,"y":-0.1325121968984604,"z":0.01582510769367218,"w":-0.9840686321258545},"size":1.659271240234375,"orthographic":false}