{"cameraMode":{"drawMode":0,"name":"Shaded","section":"Shading Mode"},"sceneLighting":true,"audioPlay":false,"sceneViewState":{"showFog":true,"showMaterialUpdate":false,"showSkybox":true,"showFlares":true,"showImageEffects":true,"showParticleSystems":true},"in2DMode":false,"pivot":{"x":-5.684866905212402,"y":1.268690824508667,"z":1.6023283004760743},"rotation":{"x":0.17626911401748658,"y":0.44221237301826479,"z":-0.08908819407224655,"w":0.8748947978019714},"size":1.9732723236083985,"orthographic":false}